{
  "preprocessing": {
    "status": "success",
    "shape": [
      4000,
      6000,
      3
    ],
    "saved": "output/01_preprocessed.jpg"
  },
  "segmentation": {
    "status": "success",
    "masks_found": [
      "concrete_block",
      "scale",
      "object_1",
      "object_2",
      "object_3"
    ],
    "saved": "output/02_segmentation.jpg"
  },
  "calibration": {
    "strategy": "manual_threshold",
    "markings_detected": 15,
    "pixel_per_cm": 12.642857142857142,
    "pixel_per_mm": 1.2642857142857142,
    "marking_positions": [
      2376,
      2376,
      2378,
      2378,
      2382,
      2388,
      2388,
      2388,
      2399,
      2399,
      2399,
      2399,
      2535,
      2542,
      2553
    ],
    "avg_marking_spacing": 12.642857142857142,
    "confidence": 0.6,
    "status": "success"
  },
  "measurements": {
    "width_mm": 7299.985714285714,
    "height_mm": 4907.957142857143,
    "width_uncertainty_mm": 364.9992857142857,
    "height_uncertainty_mm": 245.39785714285713,
    "area_mm2": 26409952.989872444,
    "area_cm2": 264099.52989872446,
    "area_uncertainty_mm2": 2640995.2989872447,
    "perimeter_mm": 32730.952754356178,
    "status": "success"
  },
  "carbonation": {
    "concrete_area_pixels": 13470941,
    "non_carbonated_area_pixels": 112,
    "carbonated_area_pixels": 13470829,
    "non_carbonated_percentage": 0.0008314192750157542,
    "carbonated_percentage": 99.99916858072498,
    "non_carbonated_mask": "[[0 0 0 ... 0 0 0]\n [0 0 0 ... 0 0 0]\n [0 0 0 ... 0 0 0]\n ...\n [0 0 0 ... 0 0 0]\n [0 0 0 ... 0 0 0]\n [0 0 0 ... 0 0 0]]",
    "magenta_mask": "[[0 0 0 ... 0 0 0]\n [0 0 0 ... 0 0 0]\n [0 0 0 ... 0 0 0]\n ...\n [0 0 0 ... 0 0 0]\n [0 0 0 ... 0 0 0]\n [0 0 0 ... 0 0 0]]"
  },
  "analysis": null
}